{"accuracy": [0.7216911315917969, 0.9101797938346863, 0.9464691877365112, 0.9616905450820923, 0.9722175002098083, 0.9770541787147522, 0.9814783334732056, 0.9838539958000183, 0.9863861203193665, 0.98836350440979], "loss": [0.9385653734207153, 0.2846653163433075, 0.16292640566825867, 0.11717358231544495, 0.0850735455751419, 0.06916303187608719, 0.05475939065217972, 0.05001828446984291, 0.04145778343081474, 0.036559827625751495], "val_accuracy": [0.8650847673416138, 0.9441788792610168, 0.9440650939941406, 0.9625583291053772, 0.9674519300460815, 0.9630135297775269, 0.9592010974884033, 0.9725162386894226, 0.9754751324653625, 0.971947193145752], "val_loss": [0.42926111817359924, 0.17035898566246033, 0.1749032735824585, 0.12005564570426941, 0.10929931700229645, 0.12815053761005402, 0.14453499019145966, 0.09503697603940964, 0.08663395047187805, 0.09600704908370972]}